系統編號,英文名稱,中文名稱,圖片,備註,更新時間
3192057,abscissa,橫坐標,,,2017/7/24
3192058,absolute deviation,絕對偏差,,,2017/7/24
3192059,absolute extremum,絕對極值,,,2017/7/24
3192060,absolute inequality,絕對不等式,,,2017/7/24
3192061,absolute maximum,最大值；絕對極大值,,,2017/7/24
3192062,absolute minimum,最小值；絕對極小值,,,2017/7/24
3192063,absolute value,絕對值,,,2017/7/24
3192064,absolutely extreme value,絕對極值,,,2017/7/24
3192065,acceleration,加速度,,,2017/7/24
3192066,acute angle,銳角,,,2017/7/24
3192067,addend,加數,,,2017/7/24
3192068,addition,加法,,,2017/7/24
3192069,addition formula　　　　　　,加法公式,,,2017/7/24
3192070,addition of vectors,向量加法,,,2017/7/24
3192071,addition principle,加法原理,,,2017/7/24
3192072,additive inverse　,加法反元素,,,2017/7/24
3192073,adjacent side,鄰邊,,,2017/7/24
3192074,algebra,代數學；代數,,,2017/7/24
3192075,algorithm,演算法；算則,,,2017/7/24
3192076,amplitude,幅度；輻角,,,2017/7/24
3192077,amplitude of vibration,振幅,,,2017/7/24
3192078,analytic geometry,解析幾何[學],,,2017/7/24
3192079,angle,角,,,2017/7/24
3192080,angle in standard position,標準位置角,,,2017/7/24
3192081,angle of depression,俯角,,,2017/7/24
3192082,angle of elevation,仰角,,,2017/7/24
3192083,angle of inclination　　　　　　　,傾角；斜角,,,2017/7/24
3192084,angular bisector,角平分線；分角線,,,2017/7/24
3192085,annual rate of interest,年利率,,,2017/7/24
3192086,antilogarithm,真數,,,2017/7/24
3192087,approximate value,近似值,,,2017/7/24
3192088,arc length,弧長,,,2017/7/24
3192089,area function,面積函數,,,2017/7/24
3192090,argument,輻角；自變數；論證,,,2017/7/24
3192091,arithmetic average,算術平均數；算術平均值；等差中項,,,2017/7/24
3192092,arithmetic mean,算術平均數；算術平均值；等差中項,,,2017/7/24
3192093,arithmetic progression,等差數列；算術數列,,,2017/7/24
3192094,arithmetic sequence,等差數列；算術數列,,,2017/7/24
3192095,arithmetic series,算術級數；等差級數,,,2017/7/24
3192096,arithmetic-geometric mean inequality,算幾不等式,,,2017/7/24
3192097,arrangement in ascending power,升冪排列；升次排列,,,2017/7/24
3192098,arrangement in descending power,降冪排列；降次排列,,,2017/7/24
3192099,ascending power,升冪,,,2017/7/24
3192100,associative law,結合律,,,2017/7/24
3192101,associative law of addition,加法結合律,,,2017/7/24
3192102,associative law of multiplication,乘法結合律,,,2017/7/24
3192103,asymptote,漸近線,,,2017/7/24
3192104,asymptotic line,漸近線,,,2017/7/24
3192105,augmented matrix,增廣矩陣,,,2017/7/24
3192106,average,平均,,,2017/7/24
3192107,average rate of change,平均變化率,,,2017/7/24
3192108,average velocity,平均速度,,,2017/7/24
3192109,axiom,公理；公設,,,2017/7/24
3192110,axiom of parallel,平行公設；平行公理,,,2017/7/24
3192111,axis,軸　,,,2017/7/24
3192112,axis of abscissa,橫坐標軸,,,2017/7/24
3192113,axis of ordinate,縱坐標軸,,,2017/7/24
3192114,axis of symmetry,對稱軸,,,2017/7/24
3192115,azimuth,方位,,,2017/7/24
3192116,bar graph,長條圖　,,,2017/7/24
3192117,base,底[邊]；基[數]；基底,,,2017/7/24
3192118,base number,底數,,,2017/7/24
3192119,Bayes theorem,貝氏定理,,,2017/7/24
3192120,Bernoulli trial　,Bernoulli試探,,,2017/7/24
3192121,binomial,二項式,,,2017/7/24
3192122,binomial coefficient,二項式係數,,,2017/7/24
3192123,binomial distribution,二項分布；二項分配,,,2017/7/24
3192124,binomial theorem,二項式定理,,,2017/7/24
3192125,bisector of an angle,角平分線；分角線,,,2017/7/24
3192126,broken line graph,折線圖,,,2017/7/24
3192127,cancellation law of addition,加法消去律,,,2017/7/24
3192128,cancellation law of multiplication,乘法消去律,,,2017/7/24
3192129,capacity,容量,,,2017/7/24
3192130,Cartesian coordinates,笛卡兒坐標,,,2017/7/24
3192131,Cartesian product,笛卡兒積,,,2017/7/24
3192132,Cauchy inequality,柯西不等式,,,2017/7/24
3192133,census,普查　,,,2017/7/24
3192134,center,中心,,,2017/7/24
3192135,center of circle,圓心,,,2017/7/24
3192136,center of sphere,球心,,,2017/7/24
3192137,centimeter,公分,,,2017/7/24
3192138,central angle,圓心角,,,2017/7/24
3192139,certain event,必然事件,,,2017/7/24
3192140,chain rule,連鎖律；連鎖規則,,,2017/7/24
3192141,characteristic,特徵的；特性的；示性的；特徵數；示性數,,,2017/7/24
3192142,characteristic of logarithm　　　　,對數的首數,,,2017/7/24
3192143,chord,弦,,,2017/7/24
3192144,circle,圓,,,2017/7/24
3192145,circle of Apollonius,Apollonius圓,,,2017/7/24
3192146,circular conical surface,圓錐面,,,2017/7/24
3192147,circular cylinder,圓柱,,,2017/7/24
3192148,circular measure,弧度法；弳量法,,,2017/7/24
3192149,circular permutation,環狀排列,,,2017/7/24
3192150,circulating decimal,循環小數,,,2017/7/24
3192151,circumference of circle,圓周,,,2017/7/24
3192152,circumradius,外接圓半徑,,,2017/7/24
3192153,class interval,類區間；組距,,,2017/7/24
3192154,class limit,組限；組距,,,2017/7/24
3192155,class midpoint,組中點,,,2017/7/24
3192156,clockwise,順時針的,,,2017/7/24
3192157,clockwise direction,順時針方向,,,2017/7/24
3192158,closed interval,閉區間,,,2017/7/24
3192159,closure property,封閉性,,,2017/7/24
3192160,cluster sampling,群落抽樣；群體抽樣,,,2017/7/24
3192161,codomain,對應域,,,2017/7/24
3192162,coefficient,係數,,,2017/7/24
3192163,cofactor　,餘因子,,,2017/7/24
3192164,coincidence,重合,,,2017/7/24
3192165,column,行,,,2017/7/24
3192166,column matrix　,行矩陣,,,2017/7/24
3192167,combination,組合；配合,,,2017/7/24
3192168,common difference,公差,,,2017/7/24
3192169,common factor,公因子；公因數；公因式,,,2017/7/24
3192170,common logarithm,常用對數,,,2017/7/24
3192171,common multiple,公倍數；公倍式,,,2017/7/24
3192172,common ratio,公比,,,2017/7/24
3192173,commutative law,交換律,,,2017/7/24
3192174,commutative law of addition,加法交換律,,,2017/7/24
3192175,commutative law of multiplication,乘法交換律,,,2017/7/24
3192176,complement,餘；補；補碼；補數；餘補,,,2017/7/24
3192177,complement angle,餘角,,,2017/7/24
3192178,complement identity　　　,餘角恆等式,,,2017/7/24
3192179,complement relation,餘角關係[式],,,2017/7/24
3192180,complementary angle,餘角,,,2017/7/24
3192181,complementary event,餘事件,,,2017/7/24
3192182,complementary set,餘集[合],,,2017/7/24
3192183,completing the square,配方[法],,,2017/7/24
3192184,complex conjugate,共軛複數,,,2017/7/24
3192185,complex fraction,繁分數；繁分式,,,2017/7/24
3192186,complex number,複數,,,2017/7/24
3192187,complex plane,複數平面,,,2017/7/24
3192188,component,分量；連通[分]支；連通區,,,2017/7/24
3192189,composite function,合成函數,,,2017/7/24
3192190,composite number,合數,,,2017/7/24
3192191,compound interest,複利,,,2017/7/24
3192192,compound number,複名數,,,2017/7/24
3192193,concave downward　,凹口向下,,,2017/7/24
3192194,concave upward,凹口向上,,,2017/7/24
3192195,concavity,凹性,,,2017/7/24
3192196,conditional inequality　,條件不等式,,,2017/7/24
3192197,conditional probability,條件機率,,,2017/7/24
3192198,cone,錐；錐面,,,2017/7/24
3192199,confidence interval,信賴區間,,,2017/7/24
3192200,confidence level,信心水準,,,2017/7/24
3192201,congruence　　　　　　　　　　,同餘；疊合；全等；線匯,,,2017/7/24
3192202,conic section,圓錐截痕,,,2017/7/24
3192203,conjugate axis,共軛軸,,,2017/7/24
3192204,conjugate complex number,共軛複數,,,2017/7/24
3192205,conjugate hyperbola,共軛雙曲線,,,2017/7/24
3192206,conjugate hyperbola,共軛雙曲線,,,2017/7/24
3192207,consistent equations,相容方程[組],,,2017/7/24
3192208,consistent system of equations,相容方程組,,,2017/7/24
3192209,constant function,常數函數,,,2017/7/24
3192210,constant term,常數項,,,2017/7/24
3192211,contingency table　,列聯表,,,2017/7/24
3192212,continuous data,連續數據,,,2017/7/24
3192213,continuous function,連續函數,,,2017/7/24
3192214,convergence,收斂,,,2017/7/24
3192215,convergent sequence,收斂序列；收斂數列,,,2017/7/24
3192216,convergent series,收斂級數,,,2017/7/24
3192217,coordinate,坐標,,,2017/7/24
3192218,coordinate axis,坐標軸,,,2017/7/24
3192219,coordinate plane,坐標平面,,,2017/7/24
3192220,coordunate representation,坐標表示法,,,2017/7/24
3192221,coprime,互質,,,2017/7/24
3192222,correlation coefficient,相關係數,,,2017/7/24
3192223,cosecant,餘割,,,2017/7/24
3192224,cosecant function,餘割函數,,,2017/7/24
3192225,cosine,餘弦,,,2017/7/24
3192226,cotangent,餘切,,,2017/7/24
3192227,cotangent function　　　　　　,餘切函數,,,2017/7/24
3192228,coterminal angles　　　　　　　,同界角　,,,2017/7/24
3192229,counterclockwise,逆時針的,,,2017/7/24
3192230,counterclockwise direction,逆時針方向,,,2017/7/24
3192231,Cramer's formula,克拉瑪公式,,,2017/7/24
3192232,Cramer's rule　,克拉瑪法則,,,2017/7/24
3192233,critical point,臨界點,,,2017/7/24
3192234,critical value　,臨界值,,,2017/7/24
3192235,cross analysis,交叉分析,,,2017/7/24
3192236,cross product,叉積；向量積；外積,,,2017/7/24
3192237,cube,立方；立方體,,,2017/7/24
3192238,cubic root,立方根,,,2017/7/24
3192239,cubic　　　　　　　　　　　　　　,三次的,,,2017/7/24
3192240,cuboid,長方體,,,2017/7/24
3192241,cumulative frequency,累積次數；累積頻率,,,2017/7/24
3192242,cumulative frequency curve,累積次數曲線,,,2017/7/24
3192243,cumulative frequency distribution,累積次數分配,,,2017/7/24
3192244,cumulative relative frequency,累積相對次數,,,2017/7/24
3192245,cumulative relative frequency polygon,累積相對次數折線圖,,,2017/7/24
3192246,cylinder,柱；柱面,,,2017/7/24
3192247,data,資料；數據,,,2017/7/24
3192248,De Moivre formula,棣美弗公式,,,2017/7/24
3192249,De Morgan law,笛摩根法則,,,2017/7/24
3192250,decimal,小數；十進制小數,,,2017/7/24
3192251,decimal point,小數點,,,2017/7/24
3192252,definite integral,定積分,,,2017/7/24
3192253,degree,次[數]；度[數],,,2017/7/24
3192254,degree measure　　　　　　　,角度[法],,,2017/7/24
3192255,denominator,分母,,,2017/7/24
3192256,denseness,稠密性,,,2017/7/24
3192257,density,密度；稠密性,,,2017/7/24
3192258,dependent events,相依事件,,,2017/7/24
3192259,dependent system of equations,相依方程組,,,2017/7/24
3192260,dependent variable,應變數；依變數；因變數；應變量,,,2017/7/24
3192261,derivative,導數,,,2017/7/24
3192262,derivatives of higher order,高階導數,,,2017/7/24
3192263,descending power,降冪,,,2017/7/24
3192264,descriptive statistics,敘述統計[學],,,2017/7/24
3192265,determinant,行列式,,,2017/7/24
3192266,determinant of order n,n階行列式,,,2017/7/24
3192267,determinantal expansion,行列式的展開式,,,2017/7/24
3192268,deviation,偏差,,,2017/7/24
3192269,diameter,直徑,,,2017/7/24
3192270,difference,差；差分,,,2017/7/24
3192271,difference of events,差事件　,,,2017/7/24
3192272,difference set,差集,,,2017/7/24
3192273,differentiable function,可微[分]函數,,,2017/7/24
3192274,differentiable　,可微[分]的,,,2017/7/24
3192275,digit,數字,,,2017/7/24
3192276,dihedral angle,二面角,,,2017/7/24
3192277,direct proof,直接證明,,,2017/7/24
3192278,directed angle,有向角,,,2017/7/24
3192279,directed line segment,有向線段,,,2017/7/24
3192280,direction,方向,,,2017/7/24
3192281,direction angle,方向角,,,2017/7/24
3192282,direction cosine,方向餘弦,,,2017/7/24
3192283,direction vector,方向向量,,,2017/7/24
3192284,directrix,準線,,,2017/7/24
3192290,disc method,圓盤法　,,,2017/7/24
3192285,discrete data,離散數據,,,2017/7/24
3192286,discreteness of integers,整數的離散性,,,2017/7/24
3192287,discriminant,判別式　,,,2017/7/24
3192288,disjoint events,分離事件,,,2017/7/24
3192289,disk method,圓盤法　,,,2017/7/24
3192291,displacement,位移,,,2017/7/24
3192292,distance,距離,,,2017/7/24
3192293,distance formula,距離公式　,,,2017/7/24
3192294,distributive law,分配律,,,2017/7/24
3192295,divergence,發散[性]；散度； 發散量,,,2017/7/24
3192296,divergent sequence,發散序列,,,2017/7/24
3192297,divergent series,發散級數,,,2017/7/24
3192298,dividend,被除數；被除式,,,2017/7/24
3192299,division,除[法],,,2017/7/24
3192300,division algorithm,除法算則；長除法,,,2017/7/24
3192301,divisor,因子；因式；因數；除數,,,2017/7/24
3192302,domain,[區]域；定義域,,,2017/7/24
3192303,domain of definition,定義域,,,2017/7/24
3192304,domain of function　　　　　　,函數的定義域,,,2017/7/24
3192305,double angle formula,倍角公式,,,2017/7/24
3192306,double root,二重根,,,2017/7/24
3192307,edge,稜；邊,,,2017/7/24
3192308,element,元素,,,2017/7/24
3192309,elementary event,基本事件,,,2017/7/24
3192310,elimination by addition or subtraction,加減消去法,,,2017/7/24
3192311,elimination by comparison,比較消去法,,,2017/7/24
3192312,elimination by substitution,代入消去法,,,2017/7/24
3192313,ellipse,橢圓,,,2017/7/24
3192314,empty set,空集,,,2017/7/24
3192315,equation,方程[式],,,2017/7/24
3192316,equation of line,直線方程式,,,2017/7/24
3192317,equation of sphere,球面方程式　,,,2017/7/24
3192318,equation of tangent line,切線方程式,,,2017/7/24
3192319,equator,赤道　,,,2017/7/24
3192320,equilateral hyperbola,等軸雙曲線,,,2017/7/24
3192321,equilateral triangle,等邊三角形；正三角形,,,2017/7/24
3192322,Euclid(約330-275B.C),歐幾里得,,,2017/7/24
3192323,Euclidean algorithm,輾轉相除法；歐幾里得算法；歐氏算法,,,2017/7/24
3192324,Euclidean geometry,歐氏幾何[學],,,2017/7/24
3192325,even function,偶函數,,,2017/7/24
3192326,even number,偶數,,,2017/7/24
3192327,event,事件,,,2017/7/24
3192328,exclusive,互斥[的],,,2017/7/24
3192329,expectation,期望值,,,2017/7/24
3192330,expected value,期望值,,,2017/7/24
3192331,experiment,試驗；實驗,,,2017/7/24
3192332,exponential function　　　　　,指數函數,,,2017/7/24
3192333,exponential law,指數律,,,2017/7/24
3192334,exponent　　　　　　　　　　　　,指數；指標,,,2017/7/24
3192335,exterior,外部；外部的,,,2017/7/24
3192336,exterior angle,外角,,,2017/7/24
3192337,extreme value,極值,,,2017/7/24
3192338,factor,因數；因式；因子；因素；商,,,2017/7/24
3192339,factor theorem,因式定理,,,2017/7/24
3192340,factorial,階乘；析因,,,2017/7/24
3192341,factorization,因子分解；因式分解,,,2017/7/24
3192342,feasible region　,可行解區域,,,2017/7/24
3192343,feasible solution,可行解；容許解,,,2017/7/24
3192344,Fermat theorem　,費馬定理　,,,2017/7/24
3192345,finishing point,終點,,,2017/7/24
3192346,finite decimal,有限小數,,,2017/7/24
3192347,finite sequence,有限序列；有限數列,,,2017/7/24
3192348,finite series,有限級數,,,2017/7/24
3192349,finite set,有限集,,,2017/7/24
3192350,first octant,第一卦限,,,2017/7/24
3192351,first quartile,第一四分位數,,,2017/7/24
3192352,first term,首項,,,2017/7/24
3192353,focal chord,焦弦,,,2017/7/24
3192354,focal length,焦距,,,2017/7/24
3192355,focal radius,焦半徑,,,2017/7/24
3192356,focus,焦點,,,2017/7/24
3192357,formula of changing bases,換底公式　,,,2017/7/24
3192358,formula of inner division point,內分點公式,,,2017/7/24
3192359,formula of outer division point,外分點公式,,,2017/7/24
3192360,four fundamental operations of arithmetic,算術四則運算,,,2017/7/24
3192361,fraction,分數；分式,,,2017/7/24
3192362,fraction in lowest term,最簡分數,,,2017/7/24
3192363,frequency distribution,次數分布；次數分配,,,2017/7/24
3192364,function,函數；功能；作用,,,2017/7/24
3192365,functional value,函數值,,,2017/7/24
3192366,fundamental theorem of algebra,代數基本定理,,,2017/7/24
3192367,fundamental theorem of calculus,微積分基本定理　,,,2017/7/24
3192368,Gaussian elimination,高斯消去法,,,2017/7/24
3192369,Gaussian function,高斯函數,,,2017/7/24
3192370,Gaussian plane,高斯平面,,,2017/7/24
3192371,general term,通項；一般項,,,2017/7/24
3192372,generalized angle　　　　　　　,廣義角　,,,2017/7/24
3192373,generating line,生成線；母線,,,2017/7/24
3192374,geometric mean,幾何平均數；幾何平均值；等比中項,,,2017/7/24
3192375,geometric progression,等比數列,,,2017/7/24
3192376,geometric sequence,等比數列,,,2017/7/24
3192377,geometric series,幾何級數；等比級數,,,2017/7/24
3192378,gram,公克,,,2017/7/24
3192379,graph of function,函數圖形,,,2017/7/24
3192380,great circle of sphere,球的大圓,,,2017/7/24
3192381,greater than,大於,,,2017/7/24
3192382,greatest common divisor,最大公因子；最大公因數,,,2017/7/24
3192383,greatest common factor,最大公因子；最大公因數,,,2017/7/24
3192384,guadrant angle,象限角,,,2017/7/24
3192385,half angle formula,半角公式,,,2017/7/24
3192386,half line,半[直]線；射線,,,2017/7/24
3192387,Heron formula,海龍公式,,,2017/7/24
3192388,highest common factor,最高公因式,,,2017/7/24
3192389,histogram,直方圖,,,2017/7/24
3192390,horizontal asymptote　,水平漸近線,,,2017/7/24
3192391,horizontal line,水平線,,,2017/7/24
3192392,hyperbola,雙曲線,,,2017/7/24
3192393,hypotenuse　　　　　　　　　　　,斜邊,,,2017/7/24
3192394,identity matrix,單位方陣；單位矩陣,,,2017/7/24
3192395,image,像點；像；鏡像,,,2017/7/24
3192396,imaginary circle,虛圓,,,2017/7/24
3192397,imaginary number,虛數,,,2017/7/24
3192398,imaginary part,虛部,,,2017/7/24
3192399,imaginary root,虛根,,,2017/7/24
3192400,imaginary unit,虛數單位,,,2017/7/24
3192401,impossible event,不可能事件,,,2017/7/24
3192402,incenter　　　　　　　　　　　,內心,,,2017/7/24
3192403,inclination,傾角；斜角,,,2017/7/24
3192404,inclusion-exclusion principle,取捨原理；排容原理,,,2017/7/24
3192405,inconsistent system of equations,矛盾方程組,,,2017/7/24
3192406,increasing,遞增,,,2017/7/24
3192407,increasing function,遞增函數,,,2017/7/24
3192408,independent events,獨立事件,,,2017/7/24
3192409,independent variable,自變量；自變數,,,2017/7/24
3192410,independent　,獨立,,,2017/7/24
3192411,indeterminate,不確定；未定元,,,2017/7/24
3192412,indirect proof,間接證明,,,2017/7/24
3192413,inequality　,不等式,,,2017/7/24
3192414,inferential statistics,推論統計　,,,2017/7/24
3192415,infinite sequence,無窮序列；無窮數列,,,2017/7/24
3192416,infinite series,無窮級數,,,2017/7/24
3192417,infinite set,無限集,,,2017/7/24
3192418,infinity,無窮；無限大,,,2017/7/24
3192419,inflection point　,反曲點；拐點,,,2017/7/24
3192420,initial point,[起]始點,,,2017/7/24
3192421,initial side of angle,角的始邊,,,2017/7/24
3192422,inner division point,內分點,,,2017/7/24
3192423,inner product,內積,,,2017/7/24
3192424,inner product formula,內積公式,,,2017/7/24
3192425,inradius,內切圓半徑,,,2017/7/24
3192426,instantaneous rate of change　,瞬時變化率　,,,2017/7/24
3192427,instantaneous velocity,瞬時速度,,,2017/7/24
3192428,integer,整數　,,,2017/7/24
3192429,integral sign　,積分符號　,,,2017/7/24
3192430,integrand　,被積分函數；被積分式,,,2017/7/24
3192431,intercept,截距,,,2017/7/24
3192432,intercept form,截距式,,,2017/7/24
3192433,interest rate　　　　　　　　　　　,利率　,,,2017/7/24
3192434,interior,內部,,,2017/7/24
3192435,interior angle,內角,,,2017/7/24
3192436,intermediate value theorem　,中間值定理,,,2017/7/24
3192437,internal point of division,內分點,,,2017/7/24
3192438,interpolation,插值[法]；內插[法],,,2017/7/24
3192439,interpolation polynomial,插值多項式　,,,2017/7/24
3192440,interquartile range,四分位[數間]距,,,2017/7/24
3192441,intersection,相交；交集,,,2017/7/24
3192442,interval,區間,,,2017/7/24
3192443,inverse function,反函數,,,2017/7/24
3192444,inverse matrix　,逆方陣；反矩陣,,,2017/7/24
3192445,inverse vector,反向量；逆向量,,,2017/7/24
3192446,irrational number,無理數,,,2017/7/24
3192447,irreducible fraction,最簡分數,,,2017/7/24
3192448,kilogram,公斤,,,2017/7/24
3192449,Lagrange interpolation formula,Lagrange插值公式,,,2017/7/24
3192450,Lagrange interpolation polynomial,Lagrange插值多項式,,,2017/7/24
3192451,Laplace classical probability,Laplace古典機率,,,2017/7/24
3192452,Laplace probability,Laplace機率,,,2017/7/24
3192453,last term,末項,,,2017/7/24
3192454,latitude,緯度,,,2017/7/24
3192455,latus rectum,正焦弦,,,2017/7/24
3192456,law of cosines,餘弦定律　,,,2017/7/24
3192457,law of exponent　　　　　　,指數律,,,2017/7/24
3192458,law of logarithm　　　　　　　　,對數律,,,2017/7/24
3192459,law of sine,正弦定律　,,,2017/7/24
3192461,leading coefficient,領導係數；首項係數,,,2017/7/24
3192462,leading term,首項,,,2017/7/24
3192463,least common multiple,最小公倍數,,,2017/7/24
3192464,least squares method,最小平方法,,,2017/7/24
3192465,left handed limit　,左極限　,,,2017/7/24
3192466,left limit　,左極限　,,,2017/7/24
3192467,left-hand limit　,左極限　,,,2017/7/24
3192468,length,長度,,,2017/7/24
3192469,length of tangent,切線的長；切距,,,2017/7/24
3192470,Leonhard Euler(1707-1783),尤拉,,,2017/7/24
3192471,less than cumulative frequency distribution,以下累積次數分布；以下累積次數分配,,,2017/7/24
3192472,limit,極限,,,2017/7/24
3192473,line,線；直線,,,2017/7/24
3192474,line of intersection,交線,,,2017/7/24
3192475,line permutation,直線排列,,,2017/7/24
3192476,linear arrangement,直線排列,,,2017/7/24
3192477,linear correlation,線性相關；直線相關,,,2017/7/24
3192478,linear function,線性函數；一次函數；線型函數,,,2017/7/24
3192479,linear inequality,線性不等式,,,2017/7/24
3192480,linear interpolation　　　　　　　,線性插值[法],,,2017/7/24
3192481,linear programming　,線性規劃,,,2017/7/24
3192482,liter,公升,,,2017/7/24
3192483,local maximum,[局部]極大[值],,,2017/7/24
3192484,local minimum,[局部]極小[值],,,2017/7/24
3192485,logarithmic function,對數函數,,,2017/7/24
3192486,logarithm　　　　　　　　　　　,對數,,,2017/7/24
3192487,logic,理則學；邏輯[學],,,2017/7/24
3192488,long division,長除法,,,2017/7/24
3192489,longitude,經度　,,,2017/7/24
3192490,lower limit　,下極限,,,2017/7/24
3192491,lower sum　,下和　,,,2017/7/24
3192492,main diagonal　,主對角線　,,,2017/7/24
3192493,major axis,長軸,,,2017/7/24
3192494,mantissa　　　　　　　　　　　　,尾數,,,2017/7/24
3192495,marginal cost　,邊際成本　,,,2017/7/24
3192496,mathematical expectation,數學期望值,,,2017/7/24
3192497,mathematical induction,數學歸納法,,,2017/7/24
3192498,matrix,矩陣,,,2017/7/24
3192499,matrix of coefficients,係數矩陣　,,,2017/7/24
3192500,maximal value,最大[值] ；極大[值],,,2017/7/24
3192501,maximum,最大[值] ；極大[值],,,2017/7/24
3192502,maximum value,最大[值] ；極大[值],,,2017/7/24
3192503,mean,平均；平均值；平均數,,,2017/7/24
3192504,mean value theorem　,均值定理,,,2017/7/24
3192505,median,中位數；中線,,,2017/7/24
3192506,meter,公尺,,,2017/7/24
3192507,method of detached coefficients,分離係數法,,,2017/7/24
3192508,method of least squares　,最小平方法　,,,2017/7/24
3192509,method of slicing,切片法　,,,2017/7/24
3192510,mid-point,中點　,,,2017/7/24
3192511,mid-point method　,中點法,,,2017/7/24
3192512,middle point,中點,,,2017/7/24
3192513,midpoint formula,中點公式　,,,2017/7/24
3192514,milliliter,公撮；毫升,,,2017/7/24
3192515,millimeter,毫米,,,2017/7/24
3192516,minimal value,最小[值]； 極小[值],,,2017/7/24
3192517,minimum,最小[值]； 極小[值],,,2017/7/24
3192518,minimum value,最小[值]； 極小[值],,,2017/7/24
3192519,minor axis,短軸,,,2017/7/24
3192520,minuend,被減數,,,2017/7/24
3192521,minus,減；負的,,,2017/7/24
3192522,minus sign,減號；負號,,,2017/7/24
3192523,minute,分,,,2017/7/24
3192524,mode,?數；方式,,,2017/7/24
3192525,modulus　　　　　　　　　　　,模；模數；絕對值；尺度,,,2017/7/24
3192526,monomial,單項式；單項的,,,2017/7/24
3192527,more than cumulative frequency distribution,以上累積次數分布；以上累積次數分配,,,2017/7/24
3192528,multiple,倍數；倍式；多重,,,2017/7/24
3192529,multiplicand,被乘數；被乘式,,,2017/7/24
3192530,multiplication,乘法,,,2017/7/24
3192531,multiplication rule,乘法原理；乘法法則,,,2017/7/24
3192532,multiplier,乘數；乘式；乘子,,,2017/7/24
3192533,multiplier rule,乘數法則,,,2017/7/24
3192534,multivariate polynomial,多元多項式,,,2017/7/24
3192535,mutually exclusive event,互斥事件,,,2017/7/24
3192536,n-th root,n次方根,,,2017/7/24
3192537,natural logarithm,自然對數,,,2017/7/24
3192538,natural number,自然數,,,2017/7/24
3192539,negative angle identity　　　,負角關係式　,,,2017/7/24
3192540,negative angle　　　　　　　　　,負角,,,2017/7/24
3192541,negative correlation,負相關,,,2017/7/24
3192542,negative integer,負整數,,,2017/7/24
3192543,Newton's method　,牛頓法,,,2017/7/24
3192544,Newton's rational root theorem,牛頓有理根判別定理,,,2017/7/24
3192545,"Newton, Isaac (1643-1727)",牛頓,,,2017/7/24
3192546,Niels Hernik Abel(1802-1829),阿貝爾,,,2017/7/24
3192547,nonnegative integer,非負整數,,,2017/7/24
3192548,normal curve,正規曲線,,,2017/7/24
3192549,normal distribution,常態分布；常態分配,,,2017/7/24
3192550,normal form,範式；正規形式；法線式,,,2017/7/24
3192551,normal line,法線,,,2017/7/24
3192552,normal vector,法向量,,,2017/7/24
3192553,null vector,零向量,,,2017/7/24
3192554,number line,數線,,,2017/7/24
3192555,numerator,分子,,,2017/7/24
3192556,objective function　,目標函數,,,2017/7/24
3192557,octant,卦限,,,2017/7/24
3192558,odd function,奇函數,,,2017/7/24
3192559,odd number,奇數,,,2017/7/24
3192560,ogive curve,肩形曲線,,,2017/7/24
3192561,one-to-one correspondence,一對一對應,,,2017/7/24
3192562,open interval,開區間,,,2017/7/24
3192563,opposite side　　　　　　　　　,對邊　,,,2017/7/24
3192564,optimal solution,最佳解,,,2017/7/24
3192565,optimization problem　,最佳化問題　,,,2017/7/24
3192566,ordered pair,有序偶；[有序]數對,,,2017/7/24
3192567,ordinal,順序的；序數,,,2017/7/24
3192568,ordinate,縱[坐]標,,,2017/7/24
3192569,origin　　　　　　　　　　　　,原點,,,2017/7/24
3192570,orthogonal,正交；直交,,,2017/7/24
3192571,orthogonal projection,正[交]射影,,,2017/7/24
3192572,parabola,拋物線,,,2017/7/24
3192573,parallel,平行,,,2017/7/24
3192574,parallel axiom,平行公設；平行公理,,,2017/7/24
3192575,parallelogram law,平行四邊形定律,,,2017/7/24
3192576,parallelogram theorem,平行四邊形定理,,,2017/7/24
3192577,parameter,參數；參變量,,,2017/7/24
3192578,parametric equation,參數方程[式],,,2017/7/24
3192579,parametric equation of line,直線參數式　,,,2017/7/24
3192580,partition　,分割,,,2017/7/24
3192581,Pascal triangle,巴斯卡三角形　,,,2017/7/24
3192582,"Pascal, Blaise (1623-1662)",巴斯卡,,,2017/7/24
3192583,percentile rank,百分等級,,,2017/7/24
3192584,periodic decimal,循環小數,,,2017/7/24
3192585,periodic function　　　　　　,週期函數,,,2017/7/24
3192586,period　　　　　　　　　　　　,週期,,,2017/7/24
3192587,permutation,排列；置換,,,2017/7/24
3192588,perpendicular,垂直[於],,,2017/7/24
3192589,pie chart,圓形圖,,,2017/7/24
3192590,plane,平面,,,2017/7/24
3192591,plane rectangular coordinate system,平面直角坐標系,,,2017/7/24
3192592,plus,加；加號；正的,,,2017/7/24
3192593,plus sign,加號；正號,,,2017/7/24
3192594,point,點,,,2017/7/24
3192595,point circle,點圓,,,2017/7/24
3192596,point of inflection(inflexion),反曲點；拐點,,,2017/7/24
3192597,point of reference　,參考點；基準點,,,2017/7/24
3192598,point of tangency,切點,,,2017/7/24
3192599,point slope form,點斜式,,,2017/7/24
3192600,polar axis　　　　　　　　　　　,極軸,,,2017/7/24
3192601,polar coordinates　　　　,極坐標　,,,2017/7/24
3192602,polar form　　　　　　　　　　,極式,,,2017/7/24
3192603,polynomial,多項式,,,2017/7/24
3192604,polynomial function,多項式函數,,,2017/7/24
3192605,polynomial in one variable,單變數多項式；一元多項式,,,2017/7/24
3192606,polynomial of degree zero,零次多項式,,,2017/7/24
3192607,polynomial of higher degree,高次函數,,,2017/7/24
3192608,polynomial of interpolation,插值多項式　,,,2017/7/24
3192609,polynomial with integer coefficients,整係數多項式,,,2017/7/24
3192610,population,母體,,,2017/7/24
3192611,population parameter,母體參數,,,2017/7/24
3192612,population size,母體大小,,,2017/7/24
3192613,population standard deviation,母體標準差,,,2017/7/24
3192614,population variance,母體變異數,,,2017/7/24
3192615,position vector,位置向量,,,2017/7/24
3192616,positive angle　　　　　　　　　,正角,,,2017/7/24
3192617,positive correlation,正相關　,,,2017/7/24
3192618,positive integer,正整數,,,2017/7/24
3192619,power,[乘]冪；次方；功率,,,2017/7/24
3192620,power function,冪函數；檢定力函數,,,2017/7/24
3192621,prime,質；質式；質數,,,2017/7/24
3192622,prime factor,質因子；質因數；質因式,,,2017/7/24
3192623,prime number,質數,,,2017/7/24
3192624,principal argument　　　　　　,主輻角,,,2017/7/24
3192625,principle of inclusion and exclusion,取捨原理；排容原理,,,2017/7/24
3192626,probability,機率,,,2017/7/24
3192627,probability distribution,機率分布；機率分配,,,2017/7/24
3192628,product set,積集合,,,2017/7/24
3192629,projection,射影；射影算子；投影,,,2017/7/24
3192630,pure imaginary number,純虛數,,,2017/7/24
3192631,pyramid,稜錐[體]；角錐[體],,,2017/7/24
3192632,Pythagoras,畢達哥拉斯,,,2017/7/24
3192633,Pythagorean identity,平方關係式；平方恆等式,,,2017/7/24
3192634,Pythagorean theorem,畢氏定理（商高定理；勾股定理）,,,2017/7/24
3192635,quadrangular pyramid,四角錐,,,2017/7/24
3192636,quadrant,象限,,,2017/7/24
3192637,quadrant angle　　　　　　　,象限角,,,2017/7/24
3192638,quadratic function,二次函數,,,2017/7/24
3192639,quadratic inequality,二次不等式,,,2017/7/24
3192640,qualitative data,定性數據,,,2017/7/24
3192641,quantitative data,定量數據,,,2017/7/24
3192642,quartile,四分位數,,,2017/7/24
3192643,quartile range,四分位距,,,2017/7/24
3192644,quotient,商[數]；商式,,,2017/7/24
3192645,quotient identity,商數關係式；商數恆等式,,,2017/7/24
3192646,quotient relation,商數關係式,,,2017/7/24
3192647,radian,弧度；弳[度],,,2017/7/24
3192648,radian measure　　　　　　　　,弧度；弧度法,,,2017/7/24
3192649,radian system,弧度制；弳度制,,,2017/7/24
3192650,radical,根數；根式；根基,,,2017/7/24
3192651,radius,半徑,,,2017/7/24
3192652,random experiment,隨機試驗,,,2017/7/24
3192653,random numbers table,亂數表；隨機號碼表,,,2017/7/24
3192654,random variable,隨機變數,,,2017/7/24
3192655,range,區域；範圍；值域；全距,,,2017/7/24
3192656,range of values,值域,,,2017/7/24
3192657,ratio of the circumference of a circle to its diameter,圓周率；π,,,2017/7/24
3192658,rational exponent,有理指數,,,2017/7/24
3192659,rational number,有理數,,,2017/7/24
3192660,rational point,有理點,,,2017/7/24
3192661,rational root,有理根,,,2017/7/24
3192662,ray　　　　　　　　　　　　　,射線,,,2017/7/24
3192663,real number,實數,,,2017/7/24
3192664,real part,實部,,,2017/7/24
3192665,reciprocal identity,倒數關係式；倒數恆等式,,,2017/7/24
3192666,reciprocal relation,倒數關係,,,2017/7/24
3192667,rectangle,長方形；矩形,,,2017/7/24
3192668,rectangular Cartesian coordinates,直角坐標,,,2017/7/24
3192669,rectangular coordinates,直角坐標,,,2017/7/24
3192670,rectangular parallelopiped,長方體　,,,2017/7/24
3192671,recurrence formula,遞迴公式,,,2017/7/24
3192672,recurring period,循環節,,,2017/7/24
3192673,recursion formula,遞迴公式,,,2017/7/24
3192674,recursive relation,遞迴關係,,,2017/7/24
3192675,reference angle,參考角,,,2017/7/24
3192676,regression line　,迴歸線,,,2017/7/24
3192677,regular parabolic arch,正拋物線拱形,,,2017/7/24
3192678,regular tetrahedron,正四面體,,,2017/7/24
3192679,relative extremum,相對極值,,,2017/7/24
3192680,relative frequency polygon,相對次數折線圖,,,2017/7/24
3192681,relative maximum,相對極大[值],,,2017/7/24
3192682,relative maximum value,相對極大[值],,,2017/7/24
3192683,relative minimum,相對極小[值],,,2017/7/24
3192684,relative minimum value,相對極小[值],,,2017/7/24
3192685,relatively prime,互質,,,2017/7/24
3192686,remainder,餘數；餘式；餘項；剩餘,,,2017/7/24
3192687,remainder theorem,餘式定理,,,2017/7/24
3192688,Rene Descartes,笛卡兒,,,2017/7/24
3192689,repeated combination,重複組合,,,2017/7/24
3192690,repeated permutation,重複排列,,,2017/7/24
3192691,repeated root,重根,,,2017/7/24
3192692,repeated systematic sampling,重複系統抽樣,,,2017/7/24
3192693,repeating decimal,循環小數,,,2017/7/24
3192694,representation in coordinates,坐標表示[法],,,2017/7/24
3192695,resonance　　　　　　　　　　　,共鳴；共振,,,2017/7/24
3192696,resultant force,合力,,,2017/7/24
3192697,Riemann sum,黎曼和,,,2017/7/24
3192698,right angle,直角,,,2017/7/24
3192699,right cone,正圓錐,,,2017/7/24
3192700,right cylinder,正圓柱面,,,2017/7/24
3192701,right dihedral angle,直二面角,,,2017/7/24
3192702,right handed limit　,右極限,,,2017/7/24
3192703,right limit　,右極限,,,2017/7/24
3192704,right triangle　　　　　　　,直角三角形,,,2017/7/24
3192705,right-hand limit　,右極限,,,2017/7/24
3192706,root,根,,,2017/7/24
3192707,row,列,,,2017/7/24
3192708,row matrix　,列矩陣,,,2017/7/24
3192709,row operation,列運算,,,2017/7/24
3192710,rule,法[則]；規則；律,,,2017/7/24
3192711,rule of addition,加法原理,,,2017/7/24
3192712,rule of total probability,全機率法則,,,2017/7/24
3192713,ruler,直尺,,,2017/7/24
3192714,sample,樣本,,,2017/7/24
3192715,sample mean,樣本平均數[值],,,2017/7/24
3192716,sample point,樣本點,,,2017/7/24
3192717,sample size,樣本大小,,,2017/7/24
3192718,sample space,樣本空間,,,2017/7/24
3192719,sample standard deviation,樣本標準差,,,2017/7/24
3192720,sample survey,樣本調查,,,2017/7/24
3192721,sample variance,樣本變異數,,,2017/7/24
3192722,sampling,抽樣,,,2017/7/24
3192723,scalar,純量,,,2017/7/24
3192724,scalar multiplication,純量乘法；係數積,,,2017/7/24
3192725,scatter diagram,散布圖,,,2017/7/24
3192726,scientific notation,科學記法；科學記號,,,2017/7/24
3192727,secant,正割；割線,,,2017/7/24
3192728,secant function,正割函數,,,2017/7/24
3192729,secant line　　　　　　　　　　　,割線,,,2017/7/24
3192730,second,秒,,,2017/7/24
3192731,second quartile,第二四分位數,,,2017/7/24
3192732,sector,扇形,,,2017/7/24
3192733,series,級數,,,2017/7/24
3192734,series of decreasing powers,降冪級數,,,2017/7/24
3192735,set,集[合],,,2017/7/24
3192736,sexagesimal system,六十進位制,,,2017/7/24
3192737,side,邊；側,,,2017/7/24
3192738,sign of equality,等號,,,2017/7/24
3192739,significant figure,有效數[字],,,2017/7/24
3192740,similar triangles,相似三角形,,,2017/7/24
3192741,simple random sampling,簡單隨機抽樣,,,2017/7/24
3192742,simple root,單根,,,2017/7/24
3192743,sine,正弦,,,2017/7/24
3192744,sine function,正弦函數,,,2017/7/24
3192460,sine law,正弦定律　,,,2017/7/24
3192745,skew lines,歪斜線,,,2017/7/24
3192746,skew matrix,反對稱矩陣；斜矩陣,,,2017/7/24
3192747,skew symmetric matrix　,斜對稱方陣,,,2017/7/24
3192748,slope,斜率,,,2017/7/24
3192749,slope function,斜率函數,,,2017/7/24
3192750,slope intercept form,斜截式,,,2017/7/24
3192751,slope-intercept form,斜截式,,,2017/7/24
3192752,smaller than,小於,,,2017/7/24
3192753,smooth curve,平滑曲線,,,2017/7/24
3192754,solid cone,立體錐；錐體,,,2017/7/24
3192755,solid of revolution　,迴轉體；旋轉體,,,2017/7/24
3192756,solid sphere,實心球,,,2017/7/24
3192757,south pole,南極,,,2017/7/24
3192758,space,空間,,,2017/7/24
3192759,space coordinate system,空間坐標系,,,2017/7/24
3192760,sphere,球形；球面,,,2017/7/24
3192761,square relation,平方關係,,,2017/7/24
3192762,square root　　　　　　　　　,平方根,,,2017/7/24
3192763,square 　　　　　　　　　　　　　,正方形；平方,,,2017/7/24
3192764,squeeze theorem　,夾擠定理,,,2017/7/24
3192765,standard deviation　,標準差,,,2017/7/24
3192766,standard factorization,標準分解[式],,,2017/7/24
3192767,standard form,標準[形]式,,,2017/7/24
3192768,standard score,標準計分,,,2017/7/24
3192769,standardization,標準化,,,2017/7/24
3192770,statistical graph,統計圖,,,2017/7/24
3192771,statistical inference,統計推論,,,2017/7/24
3192772,statistical table,統計表,,,2017/7/24
3192773,statistics,統計學,,,2017/7/24
3192774,straight line correlation,直線相關,,,2017/7/24
3192775,stratified random sampling,分層隨機抽樣[法],,,2017/7/24
3192776,stratified random sampling method,分層隨機抽樣法,,,2017/7/24
3192777,stratified sampling,分層抽樣,,,2017/7/24
3192778,strictly decreasing function,嚴格遞減函數,,,2017/7/24
3192779,strictly increasing function　,嚴格遞增函數,,,2017/7/24
3192780,subset　　　　　　　　　　　　,子集合,,,2017/7/24
3192781,subtraction,減法,,,2017/7/24
3192782,subtraction of vectors,向量的減法,,,2017/7/24
3192783,subtrahend,減數,,,2017/7/24
3192784,success probability,成功機率,,,2017/7/24
3192785,sum,和；總數,,,2017/7/24
3192786,sum event,和事件,,,2017/7/24
3192787,sum-to-product formula,和差化積公式,,,2017/7/24
3192788,summand,被加數；被加項,,,2017/7/24
3192789,supplementary angle,補角,,,2017/7/24
3192790,sure event,必然事件,,,2017/7/24
3192791,surface,曲面,,,2017/7/24
3192792,symmetric equation of line,直線對稱式,,,2017/7/24
3192793,symmetric form,對稱形式,,,2017/7/24
3192794,symmetric matrix　,對稱方陣；對稱矩陣,,,2017/7/24
3192795,synthetic division,綜合除法,,,2017/7/24
3192796,system of equations,方程組,,,2017/7/24
3192797,system of linear equations in three unknowns,三元一次方程組,,,2017/7/24
3192798,system of linear equations in two unknowns,二元一次方程組,,,2017/7/24
3192799,systematic sampling,系統抽樣,,,2017/7/24
3192800,table of logarithm,對數表,,,2017/7/24
3192801,table of random numbers,亂數表；隨機號碼表,,,2017/7/24
3192802,table of trigonometric function,三角函數表,,,2017/7/24
3192803,tangent,正切；切線,,,2017/7/24
3192804,tangent function,正切函數,,,2017/7/24
3192805,tangent line,切線,,,2017/7/24
3192806,tangent plane,切平面,,,2017/7/24
3192807,tangential equation of curve,曲線的切線方程式,,,2017/7/24
3192808,term,項,,,2017/7/24
3192809,terminal point,終點,,,2017/7/24
3192810,terminal side,終邊,,,2017/7/24
3192811,terminating decimal,有限小數,,,2017/7/24
3192812,test,檢驗；試驗；測驗；檢定,,,2017/7/24
3192813,tetrahedron,四面形；四面體,,,2017/7/24
3192814,theorem of three perpendicular lines,三垂線定理,,,2017/7/24
3192815,third quartile,第三四分位數,,,2017/7/24
3192816,times,倍；乘,,,2017/7/24
3192817,transition matrix,轉移矩陣,,,2017/7/24
3192818,transitive law,遞移律,,,2017/7/24
3192819,translation,平移,,,2017/7/24
3192820,transversal axis,橫截軸；貫軸,,,2017/7/24
3192821,trapezoidal method　,梯形法,,,2017/7/24
3192822,Triangle,三角形,,,2017/7/24
3192823,triangle inequality,三角[形]不等式,,,2017/7/24
3192824,triangular pyramid,三角錐；三稜錐,,,2017/7/24
3192825,triangulation,三角剖分；三角測量,,,2017/7/24
3192826,trichotomy law,三一律,,,2017/7/24
3192827,trigonometric function,三角函數,,,2017/7/24
3192828,trigonometry,三角學,,,2017/7/24
3192829,triple-angle formula,三倍角公式,,,2017/7/24
3192830,two-point form,兩點式,,,2017/7/24
3192831,union,聯；併,,,2017/7/24
3192832,unit circle,單位圓,,,2017/7/24
3192833,unit length,單位長,,,2017/7/24
3192834,unit vector,單位向量,,,2017/7/24
3192835,univariate polynomial,單變數多項式；一元多項式,,,2017/7/24
3192836,universal set,宇集,,,2017/7/24
3192837,unknown,未知元；未知數；未知量,,,2017/7/24
3192838,unknown number,未知數,,,2017/7/24
3192839,upper limit　,上極限,,,2017/7/24
3192840,upper sum,上和,,,2017/7/24
3192841,variable,變量；變數；變元；變項,,,2017/7/24
3192842,variance,變異數,,,2017/7/24
3192843,vector,向量,,,2017/7/24
3192844,velocity　,速度,,,2017/7/24
3192845,Venn diagram,文氏圖,,,2017/7/24
3192846,vertex,頂點,,,2017/7/24
3192847,vertical,鉛垂的；頂點的,,,2017/7/24
3192848,vertical line,鉛直線,,,2017/7/24
3192849,wave crest,波峰,,,2017/7/24
3192850,wave trough,波谷,,,2017/7/24
3192851,weight,權[重]函數,,,2017/7/24
3192852,weighted mean,加權平均[值]；加權平均數,,,2017/7/24
3192853,whole number,非負整數,,,2017/7/24
3192854,work,功,,,2017/7/24
3192855,x-coordinate,x坐標,,,2017/7/24
3192856,x-intercept,x 截距　,,,2017/7/24
3192857,xy-plane,xy 平面,,,2017/7/24
3192858,y-coordinate,y坐標,,,2017/7/24
3192859,y-intercept,y 截距　,,,2017/7/24
3192860,year,年,,,2017/7/24
3192861,z-intercept,z 截距,,,2017/7/24
3192862,zero,零；零位；零點,,,2017/7/24
3192863,zero divisor,零因子　,,,2017/7/24
3192864,zero function,零函數,,,2017/7/24
3192865,zero matrix　,零矩陣　,,,2017/7/24
3192866,zero polynomial,零多項式,,,2017/7/24
3192867,zero vector,零向量　,,,2017/7/24
